function,backend,dtype,n,max_ulp,p99_ulp,median_ulp,frac_gt1,frac_gt10,max_abs_err,nonfinite_mismatch,worst_x,worst_got,worst_ref,vec_scalar_mismatch,default_tol_fail,op_tol_fail,op_rtol,op_atol,seconds
exp,torch,f32,619,0.5134692560046435,0.49537654500653655,0.002934818855068872,0.0,0.0,2.2898795215550014e+28,0,-0.0009160353802144527,0.9990843534469604,0.9990843840521131,0,0,0,1.3e-06,1e-05,2.23
exp,numpy,f32,619,1.5230138617157318,1.303106903600673,0.002934818855068872,0.03877221324717286,0.0,2.2898795215550014e+28,0,35.17327880859375,1886083214213120.0,1886083418628580.2,,,,,,0.02
exp,jax,f32,619,9.062306697777963,0.5294831597393362,0.002934818855068872,0.0016155088852988692,0.0,2.2898795215550014e+28,0,-101.0748062133789,0.0,1.2698996458836764e-44,,,,,,0.12
exp,torch,f64,619,0.6240735937928708,0.5706213588969521,0.17735134425197963,0.0,0.0,2.220446049250313e-16,0,-6.310240401388446e-14,0.9999999999999368,0.9999999999999369,0,0,0,1e-07,1e-07,0.02
exp,numpy,f64,619,0.6240735937928708,0.5706213588969521,0.17735134425197963,0.0,0.0,2.220446049250313e-16,0,-6.310240401388446e-14,0.9999999999999368,0.9999999999999369,,,,,,0.01
exp,jax,f64,619,1.1773513442519796,0.6969439938153567,0.17874003139356648,0.0016155088852988692,0.0,7.067388259113537e+72,0,3.141592653589793,23.14069263277927,23.140692632779267,,,,,,0.05
exp2,torch,f32,616,0.5882794354819971,0.5095747697090179,0.0011808851916642314,0.0,0.0,3.7914940444882385e+27,0,0.4923882484436035,1.4067716598510742,1.4067717299794478,8,0,0,1.3e-06,1e-05,0.02
exp2,numpy,f32,616,0.7690006361737993,0.6980386395239501,0.0011808851916642314,0.0,0.0,3.7914940444882385e+27,0,-83.76776123046875,6.07283059098777e-26,6.072831064921003e-26,,,,,,0.02
exp2,jax,f32,616,89.8677037767673,12.575124467813385,0.0014097131355233134,0.060064935064935064,0.016233766233766232,1.5807717562407985e+30,0,-142.51026916503906,0.0,1.2593147529478158e-43,,,,,,0.04
exp2,torch,f64,616,0.6142828526343095,0.5074283229592758,0.21140585563358155,0.0,0.0,1.5692754338466702e+57,0,3.4551072945922323,10.967078041456627,10.96707804145663,9,0,0,1e-07,1e-07,0.02
exp2,numpy,f64,616,0.687666289372541,0.6115990016838216,0.21140585563358155,0.0,0.0,2.2085588309729804e+71,0,-1.1937766417144357e-13,0.9999999999999172,0.9999999999999173,,,,,,0.01
exp2,jax,f64,616,391.1272830697494,217.69784784876796,0.24202244798816808,0.07954545454545454,0.04383116883116883,7.339915460246337e+287,0,837.6776400682924,1.4658730403417213e+252,1.4658730403418009e+252,,,,,,0.04
expm1,torch,f32,619,0.4914585488488853,0.47696626949151427,0.001079424987176958,0.0,0.0,2.2898795215550014e+28,0,-0.615031898021698,-0.45937633514404297,-0.45937634979064906,0,0,0,1.3e-06,1e-05,0.03
expm1,numpy,f32,619,1.717716016461807,1.2135002556894139,0.001079424987176958,0.014539579967689823,0.0,2.2898795215550014e+28,0,0.007564363535493612,0.00759304640814662,0.007593045608272769,,,,,,0.03
expm1,jax,f32,619,2.3296568079700153,1.8970770662097045,0.001079424987176958,0.06946688206785137,0.0,2.2898795215550014e+28,0,-0.43260109424591064,-0.35118067264556885,-0.3511807420747521,,,,,,0.07
expm1,torch,f64,619,0.6378732165239338,0.49487763642364196,0.17735134425197963,0.0,0.0,9.860761315262648e-32,0,1.3361971743947984e-16,1.3361971743947986e-16,1.3361971743947984e-16,0,0,0,1e-07,1e-07,0.03
expm1,numpy,f64,619,0.49754756936214545,0.49406038065623303,0.17735134425197963,0.0,0.0,0.0,0,-1.4293266274644988e-09,-1.4293266264430114e-09,-1.4293266264430114e-09,,,,,,0.03
expm1,jax,f64,619,2.8828455150812475,2.196678579770236,0.3049351112260261,0.11954765751211632,0.0,7.067388259113537e+72,0,0.0015528420667024114,0.0015540483502529464,0.0015540483502529457,,,,,,0.06
log,torch,f32,103,0.4915015240093318,0.49140975173467716,0.23619298530523672,0.0,0.0,3.7361359659371374e-06,0,3.421556336649159e+20,47.281795501708984,47.2817973766385,0,0,0,1.3e-06,1e-05,0.01
log,numpy,f32,103,1.0000000794728525,0.7456619863804802,0.25097461095516227,0.009708737864077669,0.0,4.067228744020213e-06,0,1.0000001192092896,1.1920927533992653e-07,1.1920928244535446e-07,,,,,,0.0
log,jax,f32,103,0.5117096458516016,0.5096658663296358,0.23166296889409038,0.0,0.0,3.7361359659371374e-06,10,3.1415927410125732,1.1447298526763916,1.1447299136769349,,,,,,0.04
log,torch,f64,614,0.49851328879615403,0.49412240898354937,0.25726420307866843,0.0,0.0,0.0,0,1.0882480053198485e-278,-640.0340867838207,-640.0340867838207,0,0,0,1e-07,1e-07,0.02
log,numpy,f64,614,0.49851328879615403,0.49412240898354937,0.25726420307866843,0.0,0.0,0.0,0,1.0882480053198485e-278,-640.0340867838207,-640.0340867838207,,,,,,0.02
log,jax,f64,614,0.49851328879615403,0.49412240898354937,0.25726420307866843,0.0,0.0,0.0,0,1.0882480053198485e-278,-640.0340867838207,-640.0340867838207,,,,,,0.05
log2,torch,f32,103,0.4795108139955142,0.47748940261524125,0.2160483866806836,0.0,0.0,6.680003821202263e-06,0,3.096121645285166e-06,-18.301105499267578,-18.301106413861874,0,0,0,1.3e-06,1e-05,0.0
log2,numpy,f32,103,0.5222352601048158,0.47920055523356464,0.2160483866806836,0.0,0.0,6.680003821202263e-06,0,0.9999999403953552,-8.599132428344092e-08,-8.599132799414562e-08,,,,,,0.0
log2,jax,f32,103,1.0095229438339128,1.007640812040878,0.32208429898794183,0.021505376344086023,0.0,7.702048833380104e-06,10,3.5968849207152634e+33,111.47036743164062,111.47037513368946,,,,,,0.05
log2,torch,f64,614,0.4999824457599641,0.49838936915258614,0.25298823604414133,0.0,0.0,0.0,0,9.048869476572126e+273,910.0641074641338,910.0641074641338,0,0,0,1e-07,1e-07,0.02
log2,numpy,f64,614,0.4999824457599641,0.49838936915258614,0.25298823604414133,0.0,0.0,0.0,0,9.048869476572126e+273,910.0641074641338,910.0641074641338,,,,,,0.02
log2,jax,f64,614,1.2701855497199028,1.0189444906171112,0.31066118879541615,0.013029315960912053,0.0,1.1368683772161603e-13,0,2.4115920290245497e-71,-234.5869088710107,-234.58690887101073,,,,,,0.05
log10,torch,f32,103,0.4941043510998668,0.48718278258825487,0.2184621129015351,0.0,0.0,1.8589725456763517e-06,0,1.8446742974197924e+19,19.265920639038086,19.265919696608826,0,0,0,1.3e-06,1e-05,0.01
log10,numpy,f32,103,1.3867523186426205,1.3742469675343376,0.5602225468920434,0.10679611650485436,0.0,4.912262959066993e-06,0,2.9002632108075164e-23,-22.537565231323242,-22.537562586303103,,,,,,0.0
log10,jax,f32,103,1.2022844439510367,1.1926158800205031,0.3984805455719221,0.021505376344086023,0.0,3.4137700097858215e-06,10,3.555643356923398e+30,30.550920486450195,30.550918193274605,,,,,,0.05
log10,torch,f64,614,0.4685201403369414,0.2546529207807761,0.0007581809750486629,0.0,0.0,0.0,0,0.3333333333333333,-0.47712125471966244,-0.47712125471966244,0,0,0,1e-07,1e-07,0.02
log10,numpy,f64,614,0.4685201403369414,0.2546529207807761,0.0007581809750486629,0.0,0.0,0.0,0,0.3333333333333333,-0.47712125471966244,-0.47712125471966244,,,,,,0.02
log10,jax,f64,614,1.0130079279706166,1.002664770300275,0.0009750697875851017,0.09609120521172639,0.0,5.684341886080802e-14,0,2.86700894814858e-26,-25.542570951585954,-25.542570951585958,,,,,,0.05
log1p,torch,f32,103,1.0,1.0,0.047579797061367356,0.0,0.0,3.6566491701250925e-06,0,1.401298464324817e-45,0.0,1.401298464324817e-45,0,0,0,1.3e-06,1e-05,0.01
log1p,numpy,f32,103,1.2122976445226663,0.6002188066890212,0.031954796595720265,0.009708737864077669,0.0,3.6566491701250925e-06,0,0.3333333432674408,0.28768211603164673,0.2876820799023615,,,,,,0.0
log1p,jax,f32,103,8388607.0,2094133.6800000006,0.11508742886437864,0.08737864077669903,0.07766990291262135,3.6566491701250925e-06,0,1.1754942106924411e-38,0.0,1.1754942106924411e-38,,,,,,0.07
log1p,torch,f64,614,0.497769423840742,0.48841346864429447,0.03023941419860118,0.0,0.0,0.0,0,6.066966813773297e+169,390.9397394949823,390.9397394949823,0,0,0,1e-07,1e-07,0.02
log1p,numpy,f64,614,0.497769423840742,0.48841346864429447,0.03023941419860118,0.0,0.0,0.0,0,6.066966813773297e+169,390.9397394949823,390.9397394949823,,,,,,0.02
log1p,jax,f64,614,1.2088811673338586,0.4895871247229461,0.03023941419860118,0.0016286644951140066,0.0,2.220446049250313e-16,0,1.0000000000000002,0.6931471805599453,0.6931471805599454,,,,,,0.05
sqrt,torch,f32,103,0.5144102068252632,0.4999999925494192,0.23116427614505378,0.0,0.0,549755805696.0,0,3.461242574479505e+23,588323225600.0,588323259312.3873,0,0,0,1.3e-06,1e-05,0.0
sqrt,numpy,f32,103,0.4999999925494192,0.4999999925494192,0.23116427614505378,0.0,0.0,549755805696.0,0,0.9999999403953552,0.9999999403953552,0.9999999701976772,,,,,,0.0
sqrt,jax,f32,103,16777214.99999997,16259400.06721074,0.27668693267792616,0.0970873786407767,0.0970873786407767,549755805696.0,0,1.1754942106924411e-38,0.0,1.0842021078620172e-19,,,,,,0.03
sqrt,torch,f64,614,0.6226450539278802,0.502741105041455,0.2564940384651837,0.0,0.0,1.7917957937422434e+103,0,7.240461975807627e+215,8.509090418962314e+107,8.509090418962316e+107,0,0,0,1e-07,1e-07,0.02
sqrt,numpy,f64,614,0.5,0.4984216240773643,0.2564940384651837,0.0,0.0,0.0,0,0.9999999999999999,0.9999999999999999,0.9999999999999999,,,,,,0.02
sqrt,jax,f64,614,0.5,0.4984216240773643,0.2564940384651837,0.0,0.0,0.0,0,0.9999999999999999,0.9999999999999999,0.9999999999999999,,,,,,0.04
rsqrt,torch,f32,103,1.0629998862530639,1.0524846961102006,0.33309436282939275,0.0196078431372549,0.0,457186169847808.0,1,3.013921035487088e-13,1821520.375,1821520.5078749857,0,0,0,1.3e-06,1e-05,0.0
rsqrt,jax,f32,103,0.7779094516970733,0.7437155161329195,0.2866323530853171,0.0,0.0,241835437056.0,11,3.084242905515566e-07,1800.635009765625,1800.635104725275,,,,,,0.04
rsqrt,torch,f64,614,1.1105168281012614,1.0308853999292504,0.29524956737981134,0.014657980456026058,0.0,1.1356855067118858e+133,0,1.0552911284203497e-286,9.734504639194033e+142,9.734504639194032e+142,0,0,0,1e-07,1e-07,0.02
rsqrt,jax,f64,614,0.9090575031207249,0.7673309663284076,0.24793828919807462,0.0,0.0,1.1356855067118858e+133,0,3.7522389225315365e+44,5.1624369187244063e-23,5.162436918724407e-23,,,,,,0.05
reciprocal,torch,f32,106,0.49999997019767584,0.49999997019767584,0.19109868333607657,0.0,0.0,1.9419870092799968e+29,1,1.0842021078620191e-19,9.223373136366404e+18,9.223372586610622e+18,0,0,0,1.3e-06,1e-05,0.0
reciprocal,numpy,f32,106,0.49999997019767584,0.49999997019767584,0.19109868333607657,0.0,0.0,1.9419870092799968e+29,1,1.0842021078620191e-19,9.223373136366404e+18,9.223372586610622e+18,,,,,,0.0
reciprocal,jax,f32,106,2097152.1250000075,2034237.576250004,0.2013648946117083,0.019230769230769232,0.019230769230769232,1.9419870092799968e+29,2,-3.4028234663852886e+38,-0.0,-2.938736052218037e-39,,,,,,0.03
reciprocal,torch,f64,622,0.49999999999999994,0.4964792114322178,0.23626372112550537,0.0,0.0,0.0,1,1.4916681462400412e-154,6.7039039649713e+153,6.7039039649713e+153,0,0,0,1e-07,1e-07,0.02
reciprocal,numpy,f64,622,0.49999999999999994,0.4964792114322178,0.23626372112550537,0.0,0.0,0.0,1,1.4916681462400412e-154,6.7039039649713e+153,6.7039039649713e+153,,,,,,0.01
reciprocal,jax,f64,622,0.49999999999999994,0.4964944882029437,0.23626372112550537,0.0,0.0,0.0,2,1.4916681462400412e-154,6.7039039649713e+153,6.7039039649713e+153,,,,,,0.04
sin,torch,f32,619,0.589187182925651,0.5464978542157197,0.14373728275246714,0.0,0.0,3.51182927182947e-08,0,-7017.0380859375,0.9579878449440002,0.9579878098257075,0,0,0,1.3e-06,1e-05,0.03
sin,numpy,f32,619,0.8914296811204092,0.8277201298669952,0.15113214119050178,0.0,0.0,5.313334949796911e-08,0,-473.7893371582031,-0.5573192238807678,-0.5573191707474183,,,,,,0.02
sin,jax,f32,619,0.4980023725955491,0.48897150200585227,0.14373728275246714,0.0,0.0,2.9683254521017943e-08,0,-425.36578369140625,0.949228823184967,0.9492288528682216,,,,,,0.05
sin,torch,f64,619,0.4999382794846684,0.4941411178613299,0.23134460505643456,0.0,0.0,0.0,0,-649694.2604146098,-0.32714583534496794,-0.32714583534496794,0,0,0,1e-07,1e-07,0.03
sin,numpy,f64,619,0.5000617205153316,0.4941411178613299,0.23134460505643456,0.0,0.0,5.551115123125783e-17,0,-649694.2604146098,-0.327145835344968,-0.32714583534496794,,,,,,0.02
sin,jax,f64,619,0.5000617205153316,0.4941411178613299,0.23134460505643456,0.0,0.0,5.551115123125783e-17,0,-649694.2604146098,-0.327145835344968,-0.32714583534496794,,,,,,0.05
cos,torch,f32,619,0.5652831158342987,0.5371268158819262,0.14388203890036705,0.0,0.0,3.3693499323916853e-08,0,-0.00043196792830713093,0.9999999403953552,0.9999999067018559,0,0,0,1.3e-06,1e-05,0.02
cos,numpy,f32,619,0.8634204209890871,0.7404833155766696,0.1453225704548099,0.0,0.0,5.146386750087828e-08,0,-67519.84375,0.7422067523002625,0.74220680376413,,,,,,0.02
cos,jax,f32,619,0.5023791485988126,0.4943752560288869,0.14388203890036705,0.0,0.0,2.9944130730541474e-08,0,-0.9117299318313599,0.6123790740966797,0.612379044152549,,,,,,0.05
cos,torch,f64,619,0.5014417064416453,0.4975760322115814,0.25123041729386036,0.0,0.0,1.1102230246251565e-16,0,-83767.7640068289,0.9435882473185468,0.943588247318547,0,0,0,1e-07,1e-07,0.02
cos,numpy,f64,619,0.5023010663714117,0.4975760322115814,0.25123041729386036,0.0,0.0,5.551115123125783e-17,0,-723655.342286965,-0.4529815412367213,-0.45298154123672124,,,,,,0.01
cos,jax,f64,619,0.5023010663714117,0.4975760322115814,0.25123041729386036,0.0,0.0,5.551115123125783e-17,0,-723655.342286965,-0.4529815412367213,-0.45298154123672124,,,,,,0.04
tan,torch,f32,619,0.4982872299144987,0.4834445224177281,0.1398908250579559,0.0,0.0,1.0063270181603912e-06,0,-23.149866104125977,-2.2877800464630127,-2.2877801652639462,0,0,0,1.3e-06,1e-05,0.02
tan,numpy,f32,619,1.1786582204668006,0.973774866415855,0.15478158536471817,0.006462035541195477,0.0,1.2579530306311426e-06,0,-527.7254638671875,0.06218189001083374,0.062181894401677776,,,,,,0.02
tan,jax,f32,619,0.5635481324743701,0.5457941152471099,0.1398908250579559,0.0,0.0,1.0063270181603912e-06,0,-1122.4505615234375,-1.2653061151504517,-1.2653061823306242,,,,,,0.05
tan,torch,f64,619,0.5100636669812787,0.49671942390001045,0.24954356140441109,0.0,0.0,5.551115123125783e-17,0,-128934.12965257105,-0.02556215780513373,-0.025562157805133726,0,0,0,1e-07,1e-07,0.02
tan,numpy,f64,619,0.5100636669812787,0.49671942390001045,0.24954356140441109,0.0,0.0,5.551115123125783e-17,0,-128934.12965257105,-0.02556215780513373,-0.025562157805133726,,,,,,0.02
tan,jax,f64,619,0.49864410357813915,0.4923556648738015,0.24954356140441109,0.0,0.0,0.0,0,-654.7168402004717,-3.173858348928265,-3.173858348928265,,,,,,0.04
asin,torch,f32,888,0.5501050151240712,0.49242780491805144,0.0972518956957748,0.0,0.0,5.931425484106967e-08,0,-0.11922010779380798,-0.11950435489416122,-0.11950435079555947,0,0,0,1.3e-06,1e-05,0.04
asin,numpy,f32,888,1.1661954375218302,0.8888235671274654,0.10141490668161511,0.0045045045045045045,0.0,1.390213295593412e-07,0,-0.9242827892303467,-1.179152488708496,-1.1791523496871665,,,,,,0.03
asin,jax,f32,888,8388608.0,1.1524824177610689,0.1452539966322013,0.02252252252252252,0.0045045045045045045,1.390213295593412e-07,0,-1.1754943508222875e-38,-0.0,-1.1754943508222875e-38,,,,,,0.06
asin,torch,f64,904,0.6581533961400384,0.49988458407153685,0.2711320809906254,0.0,0.0,1.1102230246251565e-16,0,-0.060774098879810896,-0.06081157262948215,-0.060811572629482155,0,0,0,1e-07,1e-07,0.04
asin,numpy,f64,904,0.6581533961400384,0.49988458407153685,0.2711320809906254,0.0,0.0,1.1102230246251565e-16,0,-0.060774098879810896,-0.06081157262948215,-0.060811572629482155,,,,,,0.03
asin,jax,f64,904,4503599627370496.0,1.110662248215957,0.33758263426272583,0.01327433628318584,0.004424778761061947,2.220446049250313e-16,0,-2.2250738585072014e-308,-0.0,-2.2250738585072014e-308,,,,,,0.06
acos,torch,f32,888,0.6480310360900755,0.5035255771829118,0.24545919895172114,0.0,0.0,1.4753982835458146e-07,0,-0.3377515971660614,1.9153234958648682,1.9153234186135488,0,0,0,1.3e-06,1e-05,0.04
acos,numpy,f32,888,1.1980708866443484,0.9615705699488717,0.36667771586074316,0.006756756756756757,0.0,2.3161210371824836e-07,0,0.9242827892303467,0.3916439414024353,0.39164397710773013,,,,,,0.03
acos,jax,f32,888,1.1962358986016242,0.9276867193534166,0.2724898696621244,0.006756756756756757,0.0,1.6508684774763083e-07,0,0.9957256317138672,0.09249233454465866,0.09249234345731064,,,,,,0.06
acos,torch,f64,904,0.6474930239194978,0.5068245030170777,0.24035892628074532,0.0,0.0,4.440892098500626e-16,0,0.28105348320996176,1.2859046633479956,1.2859046633479954,0,0,0,1e-07,1e-07,0.03
acos,numpy,f64,904,0.6474930239194978,0.5068245030170777,0.24035892628074532,0.0,0.0,4.440892098500626e-16,0,0.28105348320996176,1.2859046633479956,1.2859046633479954,,,,,,0.03
acos,jax,f64,904,1.0865957329778635,0.8372337992367,0.254084032280952,0.00331858407079646,0.0,4.440892098500626e-16,0,0.9999045302529671,0.013818195696279303,0.013818195696279302,,,,,,0.05
atan,torch,f32,619,0.4975542720218592,0.4951081850265634,0.13990027138818148,0.0,0.0,5.931309132733986e-08,0,-378961.6875,-1.570793628692627,-1.5707936880057183,0,0,0,1.3e-06,1e-05,0.02
atan,numpy,f32,619,1.1789575023264214,0.8412949165807466,0.14757341691908626,0.0032310177705977385,0.0,1.0297720010044031e-07,0,-0.16244350373744965,-0.161036878824234,-0.16103686125639824,,,,,,0.02
atan,jax,f32,619,0.7739134957653921,0.497008623603974,0.13990027138818148,0.0,0.0,9.225767794163175e-08,0,806036.125,1.5707951784133911,1.5707950861557132,,,,,,0.04
atan,torch,f64,619,0.49901465235588854,0.4917887822163134,0.2345549200454586,0.0,0.0,0.0,0,-5.5695409058001245e-05,-5.569540900041259e-05,-5.569540900041259e-05,0,0,0,1e-07,1e-07,0.02
atan,numpy,f64,619,0.49901465235588854,0.4917887822163134,0.2345549200454586,0.0,0.0,0.0,0,-5.5695409058001245e-05,-5.569540900041259e-05,-5.569540900041259e-05,,,,,,0.01
atan,jax,f64,619,0.49901465235588854,0.4917887822163134,0.2345549200454586,0.0,0.0,0.0,0,-5.5695409058001245e-05,-5.569540900041259e-05,-5.569540900041259e-05,,,,,,0.04
sinh,torch,f32,619,0.9829036843971375,0.8708943875753544,2.571418190619728e-13,0.0,0.0,1.1449397607775007e+28,0,3.1415927410125732,11.548739433288574,11.548740370658573,0,0,0,1.3e-06,1e-05,0.02
sinh,numpy,f32,619,0.6369303578441448,0.47972924577466286,2.571418190619728e-13,0.0,0.0,1.1449397607775007e+28,0,0.9999999403953552,1.175201177597046,1.1752011016690305,,,,,,0.02
sinh,jax,f32,619,8388607.0,17.579008548710288,4.359009003850479e-13,0.13570274636510501,0.022617124394184167,4.742240353248085e+30,0,1.1754942106924411e-38,0.0,1.1754942106924411e-38,,,,,,0.06
sinh,torch,f64,619,1.0,0.4736344182978834,0.005851630573523441,0.0,0.0,2.465190328815662e-32,0,-1.3361971743947984e-16,-1.3361971743947986e-16,-1.3361971743947984e-16,68,0,0,1e-07,1e-07,0.02
sinh,numpy,f64,619,0.5432972052161615,0.4736344182978834,0.005732155234553362,0.0,0.0,2.7755575615628914e-17,0,-0.15054195511190646,-0.1511112188371519,-0.15111121883715187,,,,,,0.01
sinh,jax,f64,619,4503599627370495.0,15.364211567122398,0.31605157671920603,0.24232633279483037,0.05492730210016155,2.7895961357632497e+290,0,2.225073858507201e-308,0.0,2.225073858507201e-308,,,,,,0.06
cosh,torch,f32,619,0.966536141311963,0.6272910149678141,0.03155424335115229,0.0,0.0,4.89967491046604e+29,0,-8.369948387145996,2157.70654296875,2157.706778939488,0,0,0,1.3e-06,1e-05,0.02
cosh,numpy,f32,619,1.2669424818993327,1.0853481992457097,0.043604614567549015,0.01615508885298869,0.0,4.89967491046604e+29,0,1.0000001192092896,1.5430809259414673,1.543080774910154,,,,,,0.02
cosh,jax,f32,619,23.50326844570801,20.650121671037205,0.03974322872918303,0.09369951534733441,0.03877221324717286,3.500424931534382e+31,0,-34.62053298950195,542596606722048.0,542595818083225.2,,,,,,0.04
cosh,torch,f64,619,0.49612728223500924,0.49294712873311086,0.25427978720490985,0.0,0.0,0.0,0,-0.036736078418998,1.000674845617915,1.000674845617915,20,0,0,1e-07,1e-07,0.02
cosh,numpy,f64,619,0.746823693989771,0.7424768357530295,0.2559865089046587,0.0,0.0,2.220446049250313e-16,0,-0.006359118888038072,1.0000202192646523,1.0000202192646521,,,,,,0.01
cosh,jax,f64,619,484.625449889901,259.2210463650922,0.34310646685900875,0.16155088852988692,0.10339256865912763,2.7895961357632497e+290,0,-643.9124305562611,2.221188538586908e+279,2.2211885385867857e+279,,,,,,0.05
tanh,torch,f32,619,0.4999627503740986,0.4611748581633095,7.699022587230382e-13,0.0,0.0,2.972818380353459e-08,0,-0.0007585979765281081,-0.0007585978601127863,-0.000758597831011124,0,0,0,1.3e-06,1e-05,0.02
tanh,numpy,f32,619,1.2706856962389976,0.7366996842041661,7.699022587230382e-13,0.0016155088852988692,0.0,4.82119028033523e-08,0,0.5,0.46211719512939453,0.46211715726000974,,,,,,0.02
tanh,jax,f32,619,2.6402709622189735,2.0846789809892483,7.699022587230382e-13,0.06785137318255251,0.0,9.442563952966054e-08,0,-0.003361090552061796,-0.003361077280715108,-0.0033610778954510953,,,,,,0.05
tanh,torch,f64,619,0.6051855752917643,0.48360852531147697,0.0004133381696698006,0.0,0.0,5.551115123125783e-17,0,0.5,0.4621171572600098,0.46211715726000974,0,0,0,1e-07,1e-07,0.02
tanh,numpy,f64,619,0.8320768019011592,0.7832297377079512,0.0004133381696698006,0.0,0.0,1.1102230246251565e-16,0,-2.2632470305583105e-08,-2.26324703055831e-08,-2.2632470305583102e-08,,,,,,0.01
tanh,jax,f64,619,4503599627370495.0,2.081756233055585,0.0006788831396618913,0.07269789983844911,0.0032310177705977385,5.551115123125783e-16,0,2.225073858507201e-308,0.0,2.225073858507201e-308,,,,,,0.05
asinh,torch,f32,134,0.9760569818842417,0.9403719020034034,0.17126742174803022,0.0,0.0,4.04790313268677e-06,0,-484862.65625,-13.784769058227539,-13.784768127387064,0,0,0,1.3e-06,1e-05,0.01
asinh,numpy,f32,134,0.49914903233996016,0.48978263123108007,0.13804482969700343,0.0,0.0,3.591659535118197e-06,0,-108840189952.0,-26.106292724609375,-26.1062936766606,,,,,,0.0
asinh,jax,f32,134,8388607.0,1405092.1699999738,0.209250654930538,0.014925373134328358,0.014925373134328358,4.04790313268677e-06,0,1.1754942106924411e-38,0.0,1.1754942106924411e-38,,,,,,0.06
asinh,torch,f64,622,0.9787811090323201,0.9439406206186384,0.2834478801952661,0.0,0.0,1.1368683772161603e-13,0,-7.815856707683963e+267,-617.5395215913393,-617.5395215913394,0,0,0,1e-07,1e-07,0.03
asinh,numpy,f64,622,0.4996162937279714,0.4933167097465867,0.2355288979775183,0.0,0.0,0.0,0,-25.39114433680347,-3.927935191398932,-3.927935191398932,,,,,,0.02
asinh,jax,f64,622,4503599627370495.0,0.9782321638437151,0.2834478801952661,0.003215434083601286,0.003215434083601286,1.1368683772161603e-13,0,2.225073858507201e-308,0.0,2.225073858507201e-308,,,,,,0.05
acosh,torch,f32,96,0.8750002715735761,0.8631595195304773,0.2845566573326315,0.0,0.0,4.781834221034842e-06,0,1.000001072883606,0.0014648435171693563,0.0014648436190327946,0,0,0,1.3e-06,1e-05,0.0
acosh,numpy,f32,96,0.8277660775661968,0.6379716765711099,0.2692429117034799,0.0,0.0,3.692432798629852e-06,0,1.0000003576278687,0.0008457278599962592,0.0008457279081785864,,,,,,0.0
acosh,jax,f32,96,2.172233922433803,1.4544450315784367,0.2731783886881397,0.020833333333333332,0.0,3.692432798629852e-06,0,1.0000003576278687,0.000845728034619242,0.0008457279081785864,,,,,,0.08
acosh,torch,f64,607,0.9772526134127048,0.9419421101927165,0.29080329904432256,0.0,0.0,1.1368683772161603e-13,0,2.3117448554966812e+230,531.1257211572917,531.1257211572918,0,0,0,1e-07,1e-07,0.04
acosh,numpy,f64,607,0.4988321438615531,0.49438718878040067,0.24742464568008415,0.0,0.0,0.0,0,7.048231069341196e+76,177.64239092129768,177.64239092129768,,,,,,0.03
acosh,jax,f64,607,1.3993942960308368,0.7395219588203727,0.2505245516553763,0.008237232289950576,0.0,2.220446049250313e-16,0,1.0000000929566508,0.00043117664449979464,0.0004311766444997947,,,,,,0.06
atanh,torch,f32,888,1.0000000161047955,1.0000000025637203,0.12497000662273075,0.01126126126126126,0.0,4.182425374921195e-07,0,-5.5574925994505975e-08,-5.5574922441792296e-08,-5.5574925994506034e-08,83,0,0,1.3e-06,1e-05,0.04
atanh,numpy,f32,888,1.019716005698349,1.0003050854645046,0.14562281712531175,0.02252252252252252,0.0,4.182425374921195e-07,0,-5.992390651954338e-05,-5.992390288156457e-05,-5.992390659126979e-05,,,,,,0.03
atanh,jax,f32,888,8388607.0,0.9449877306925074,0.1285579393136721,0.006756756756756757,0.0022522522522522522,4.2514847198305006e-07,0,1.1754942106924411e-38,0.0,1.1754942106924411e-38,,,,,,0.06
atanh,torch,f64,904,0.4995463666202245,0.4932617316708677,0.2338959372575443,0.0,0.0,0.0,0,-0.3817711101487027,-0.4021313038086007,-0.4021313038086007,151,0,0,1e-07,1e-07,0.04
atanh,numpy,f64,904,0.5406151244633729,0.49494913789383166,0.2338959372575443,0.0,0.0,3.469446951953614e-18,0,-0.01785098450322283,-0.017852880983409966,-0.017852880983409963,,,,,,0.02
atanh,jax,f64,904,4503599627370495.0,0.9482353408134271,0.27781373451707225,0.004424778761061947,0.0022123893805309734,3.552713678800501e-15,0,2.225073858507201e-308,0.0,2.225073858507201e-308,,,,,,0.06
erf,torch,f32,619,0.5495233666856952,0.5258107462036373,0.22668864350134943,0.0,0.0,2.960340494961855e-08,0,-1.3104892282456149e-08,-1.4787286950479483e-08,-1.4787287438554279e-08,0,0,0,1.3e-06,1e-05,0.03
erf,scipy,f32,619,0.49666271889735175,0.4918692464585141,0.22668864350134943,0.0,0.0,2.960340494961855e-08,0,-2.665943145751953,-0.9998368620872498,-0.9998368916906547,,,,,,0.02
erf,jax,f32,619,9465529.379751587,1.980566296582757,0.6655911282034246,0.23424878836833601,0.0032310177705977385,1.1637069885495066e-07,0,1.1754942106924411e-38,0.0,1.3264031783867337e-38,,,,,,0.06
erf,torch,f64,619,0.6406531172250308,0.6364102549348453,0.2367585998741671,0.0,0.0,3.469446951953614e-18,0,-2.5764226909720414e-08,-2.9071816901250108e-08,-2.9071816901250105e-08,0,0,0,1e-07,1e-07,0.02
erf,scipy,f64,619,1.7744014268064747,1.645503573681952,0.41500776192099453,0.12924071082390953,0.0,1.1102230246251565e-16,0,-0.002888390858205164,-0.0032591910072305016,-0.0032591910072305025,,,,,,0.02
erf,jax,f64,619,5081767996463980.0,0.7080169580069918,0.2411867566416544,0.006462035541195477,0.0032310177705977385,1.3877787807814457e-17,0,2.225073858507201e-308,0.0,2.510726987188354e-308,,,,,,0.05
erfc,torch,f32,619,0.7484451396620992,0.72321845626004,0.2286527905348251,0.0,0.0,8.922161343072332e-08,0,-0.0004659800906665623,1.000525712966919,1.0005258021885324,0,0,0,1.3e-06,1e-05,0.03
erfc,scipy,f32,619,0.4996480194675231,0.49588205112136347,0.2286527905348251,0.0,0.0,5.9237837080061695e-08,0,0.009844060987234116,0.9888925552368164,0.9888925254554737,,,,,,0.02
erfc,jax,f32,619,152.62377699312154,13.926670453890608,0.25293047539072777,0.05977382875605816,0.014539579967689823,1.2280988315183095e-07,0,9.767005920410156,0.0,2.1387146431991456e-43,,,,,,0.07
erfc,torch,f64,619,0.7496787878180996,0.729350572826501,0.24994069851662257,0.0,0.0,2.220446049250313e-16,0,-0.002663176139172088,1.0030050653692633,1.0030050653692635,0,0,0,1e-07,1e-07,0.03
erfc,scipy,f64,619,105999.0502855368,98.7970603196972,0.2781801531721133,0.0791599353796446,0.033925686591276254,2.220446049250313e-16,0,27.000000000000004,0.0,5.23705e-319,,,,,,0.02
erfc,jax,f64,619,105999.0502855368,100.4370603196973,0.2758824507267215,0.07431340872374798,0.033925686591276254,2.220446049250313e-16,0,27.000000000000004,0.0,5.23705e-319,,,,,,0.07
erfinv,torch,f32,888,0.4996979836710216,0.4936191903421137,0.25480199222273353,0.0,0.0,1.1913728314993932e-07,0,-0.9992658495903015,-2.3875441551208496,-2.3875442742581328,0,0,0,1.3e-06,0.0001,0.42
erfinv,scipy,f32,888,1.9521913986863095,1.6188752379100906,0.4093317386557492,0.10247747747747747,0.0,2.775941987387398e-07,0,-5.36022639607836e-07,-4.750377513573767e-07,-4.7503769587276e-07,,,,,,0.42
erfinv,jax,f32,888,7434210.27666841,52.609961706218876,1.217511880089667,0.6137387387387387,0.07657657657657657,1.485276984070083e-05,0,-1.1754943508222875e-38,-0.0,-1.0417547444163216e-38,,,,,,0.45
erfinv,torch,f64,904,0.507363942180725,0.4980709868557454,0.24406163998478528,0.0,0.0,8.881784197001252e-16,0,-0.9999999999999793,-5.406901684243202,-5.406901684243201,0,0,0,1e-07,1e-07,0.53
erfinv,scipy,f64,904,1.9649119557978776,1.6987957910739537,0.4096165236044423,0.10508849557522124,0.0,8.881784197001252e-16,0,-3.806039774063851e-06,-3.3730149271323093e-06,-3.3730149271323084e-06,,,,,,0.52
erfinv,jax,f64,904,3991211251234741.5,294240.31268767733,0.6243167696898733,0.3196902654867257,0.21017699115044247,4.228155603414052e-10,0,-2.2250738585072014e-308,-0.0,-1.9719203645301425e-308,,,,,,0.58
lgamma,torch,f32,616,0.8746470760628611,0.4969374923707704,0.24235954368347778,0.0,0.0,0.04102634312584996,0,-2.462092399597168,-0.007555975113064051,-0.007555975520353334,0,0,0,1.3e-06,1e-05,0.06
lgamma,scipy,f32,616,0.499912938993538,0.4959203049627771,0.2415363894577387,0.0,0.0,0.04102634312584996,0,3.3245978355407715,1.0126595497131348,1.012659609307401,,,,,,0.05
lgamma,jax,f32,616,3.402823669209385e+38,113.755614611354,0.5777241468822967,0.3300653594771242,0.0457516339869281,0.07126858981791884,4,1.0,4.76837158203125e-07,0.0,,,,,,0.09
lgamma,torch,f64,616,1.1500373386274574,0.49747009694568994,0.2386450961680665,0.0016233766233766235,0.0,2.220446049250313e-16,0,-2.4620924014946204,-0.007555978302904682,-0.007555978302904683,0,0,0,1e-07,1e-07,0.04
lgamma,scipy,f64,616,1.2815302002756068e+16,4.21879559426797,0.35342351499205765,0.09624796084828711,0.0065252854812398045,1.1641532182693481e-10,3,0.9999999999999999,2.2204460492503128e-16,6.408381213480008e-17,,,,,,0.03
lgamma,jax,f64,616,6.6858497531202024e+16,67.68582958318896,0.6285589014483828,0.3104575163398693,0.03758169934640523,2.3283064365386963e-10,4,0.9999999999999999,8.881784197001252e-16,6.408381213480008e-17,,,,,,0.07
digamma,torch,f32,619,48.895115792744974,7.209144436591057,0.3910679025528725,0.1715210355987055,0.0048543689320388345,1.2089258196146292e+24,1,1.4033215045928955,-0.05798444524407387,-0.05798426309557336,0,0,0,1.3e-06,1e-05,0.09
digamma,scipy,f32,619,0.49999997019715087,0.49825314365921575,0.2421447334730935,0.0,0.0,1.2089258196146292e+24,1,1.0842021078620191e-19,-9.223373136366404e+18,-9.223372586610622e+18,,,,,,0.09
digamma,jax,f32,619,104.10488420725503,13.403717683614332,0.5107926403506183,0.2305194805194805,0.012987012987012988,549755781120.0,3,1.4033215045928955,-0.0579838752746582,-0.05798426309557336,,,,,,0.14
digamma,torch,f64,619,62.46734853037024,22.390672554834588,0.5270812085104073,0.2783171521035599,0.02750809061488673,1.4901161193847656e-08,1,1.4033215376054817,-0.057984229354029505,-0.057984229354029936,0,0,0,1e-07,1e-07,0.06
digamma,scipy,f64,619,51.06372699880437,15.656636904067062,0.3791900840170216,0.1407766990291262,0.022653721682847898,1.4901161193847656e-08,1,-340229.97656780644,-29.861833708821752,-29.861833708821933,,,,,,0.05
digamma,jax,f64,619,41.02051464598399,12.886435097016825,0.5870404642883764,0.25,0.016233766233766232,2.9802322387695312e-08,3,-75.78768863625915,0.34456630315860837,0.34456630315861064,,,,,,0.1
sigmoid,torch,f32,619,43950.78021926447,1.5124330418303724,0.29925150780694515,0.09046849757673667,0.0032310177705977385,6.314093548009936e-08,0,-92.58810424804688,0.0,6.158816082713284e-41,7,0,0,1.3e-06,1e-05,0.02
sigmoid,scipy,f32,619,43950.78021926447,1.5124330418303724,0.29458675662574374,0.08723747980613894,0.0032310177705977385,6.314093548009936e-08,0,-92.58810424804688,0.0,6.158816082713284e-41,,,,,,0.02
sigmoid,jax,f32,619,43950.78021926447,1.5124330418303724,0.29925150780694515,0.09046849757673667,0.0032310177705977385,6.314093548009936e-08,0,-92.58810424804688,0.0,6.158816082713284e-41,,,,,,0.05
sigmoid,torch,f64,619,1.8550969849871468,1.6425580471588621,0.35313662353792785,0.10662358642972536,0.0,1.1102230246251565e-16,0,-0.006597782479539533,0.4983505603635538,0.4983505603635539,3,0,0,1e-07,1e-07,0.03
sigmoid,scipy,f64,619,1.8550969849871468,1.6425580471588621,0.3554378022192979,0.10823909531502424,0.0,1.1102230246251565e-16,0,-0.006597782479539533,0.4983505603635538,0.4983505603635539,,,,,,0.02
sigmoid,jax,f64,619,1.8550969849871468,1.6504965750743608,0.35313662353792785,0.1098546042003231,0.0,1.1102230246251565e-16,0,-0.006597782479539533,0.4983505603635538,0.4983505603635539,,,,,,0.06
erfcx,torch,f32,619,43.824156751636686,7.365772013745763,1.2587987644331002,0.5945072697899838,0.008077544426494346,2.091844595146596e+30,0,-8.44250774383545,1.8020938563818662e+31,1.8020885583664042e+31,0,4,4,1.3e-06,1e-05,0.04
erfcx,scipy,f32,619,0.4999982466783619,0.49261270927550693,0.2429309731702908,0.0,0.0,3.1912369775723344e+28,0,0.22641728818416595,0.788203775882721,0.788203746080503,,,,,,0.03
erfcx,torch,f64,619,157.03705517474214,50.26494326197459,1.4690534098081192,0.6494345718901454,0.029079159935379646,7.732742333668841e+257,0,-23.25459451307119,1.4359351282897875e+235,1.435935128289743e+235,0,0,0,1e-07,1e-07,0.04
erfcx,scipy,f64,619,157.03705517474214,50.26494326197459,1.4690534098081192,0.6494345718901454,0.029079159935379646,7.732742333668841e+257,0,-23.25459451307119,1.4359351282897875e+235,1.435935128289743e+235,,,,,,0.03
i0,torch,f32,619,2.5782801855977944,2.225690209834931,0.594459192094437,0.2956381260096931,0.0,8.30231797715785e+25,0,-0.015616054646670818,1.000061273574829,1.0000609662198798,0,0,0,1.3e-06,1e-05,0.06
i0,scipy,f32,619,0.4933320607054114,0.481014545689629,0.07313334768359425,0.0,0.0,7.171932513909403e+25,0,-0.1660783737897873,1.006907343864441,1.0069074026742053,,,,,,0.05
i0,jax,f32,619,2.6327858516099916,2.0831457022281668,0.953436363186752,0.3166397415185784,0.0,2.2646183004976656e+26,0,-0.012422505766153336,1.0000382661819458,1.0000385800344767,,,,,,0.22
i0,torch,f64,619,3.4616014323090676,2.5640214132385624,0.670594697627618,0.2940226171243942,0.0,2.8823037615171174e+17,0,-8.86630168417831e-06,1.000000000019652,1.0000000000196527,0,0,0,1e-07,1e-07,0.05
i0,scipy,f64,619,3.4616014323090676,3.29928283104146,0.6681654533338748,0.3295638126009693,0.0,2.8823037615171174e+17,0,-8.86630168417831e-06,1.000000000019652,1.0000000000196527,,,,,,0.05
i0,jax,f64,619,3.4616014323090676,2.5640214132385624,0.7528264887559617,0.33279483037156704,0.0,2.8823037615171174e+17,0,-8.86630168417831e-06,1.000000000019652,1.0000000000196527,,,,,,0.23
i0e,torch,f32,619,3.9410257257715346,3.850249724534545,0.6012877658604263,0.31179321486268174,0.0,2.3490343847853978e-07,0,-1.3712724467040971e-05,0.9999860525131226,0.999986287416561,0,0,0,1.3e-06,1e-05,0.1
i0e,scipy,f32,619,0.4965552089962213,0.4924087931424375,0.24847430310828236,0.0,0.0,2.9587381877860253e-08,0,-199.98773193359375,0.028228025883436203,0.028228026808342355,,,,,,0.09
i0e,jax,f32,619,4.423870087362748,3.9187023825705998,0.7758870729957845,0.42487883683360256,0.0,2.6368320504843723e-07,0,-0.04454812407493591,0.956904411315918,0.9569041476327129,,,,,,0.09
i0e,torch,f64,619,4.688526024491442,3.806186012048984,0.7679716646057617,0.39095315024232635,0.0,5.551115123125783e-16,0,-5.0003068424910895e-05,0.9999499988067526,0.9999499988067532,0,0,0,1e-07,1e-07,0.09
i0e,scipy,f64,619,5.80848133850735,4.456676003559975,0.7877642750266441,0.41195476575121165,0.0,6.661338147750939e-16,0,-0.009847160957933764,0.990225167831911,0.9902251678319116,,,,,,0.09
i0e,jax,f64,619,4.688526024491442,3.806186012048984,0.7679716646057617,0.40064620355411956,0.0,5.551115123125783e-16,0,-5.0003068424910895e-05,0.9999499988067526,0.9999499988067532,,,,,,0.09
i1,torch,f32,619,8.5605203053868,4.001481627372624,0.8634185997395954,0.3780290791599354,0.0,8.01534731186511e+25,0,-7.5222578048706055,-254.8680419921875,-254.86791136901388,0,0,0,1.3e-06,0.0001,0.06
i1,scipy,f32,619,0.5,0.4925715169403999,0.07048878350167428,0.0,0.0,7.458903179202144e+25,0,-1.401298464324817e-45,-1.401298464324817e-45,-7.006492321624085e-46,,,,,,0.05
i1,jax,f32,619,4194304.0,9.258171188447847,0.9097610368404466,0.38449111470113084,0.006462035541195477,8.01534731186511e+25,0,-1.1754943508222875e-38,-0.0,-5.877471754111438e-39,,,,,,0.1
i1,torch,f64,619,7.692515011445035,3.5885387539790896,1.0234549400804884,0.5121163166397416,0.0,2.8823037615171174e+17,0,-7.522257842369878,-254.86792036483678,-254.867920364837,0,0,0,1e-07,1e-07,0.06
i1,scipy,f64,619,4.753128228268974,4.520077168038971,1.1014150644083807,0.5638126009693053,0.0,2.8823037615171174e+17,0,-6.458130419316621,-93.98853149777777,-93.98853149777784,,,,,,0.05
i1,jax,f64,619,2251799813685248.0,3.858224087205427,0.9872051623893383,0.49596122778675283,0.006462035541195477,34359738368.0,0,-2.2250738585072014e-308,-0.0,-1.1125369292536007e-308,,,,,,0.1
i1e,torch,f32,619,4.166905189103034,3.364350109740374,0.6140510208460348,0.2875605815831987,0.0,6.209172589977108e-08,0,-7.071284770965576,-0.1416604369878769,-0.141660374896151,0,0,0,1.3e-06,1e-05,0.11
i1e,scipy,f32,619,0.5,0.496976303539485,0.24467437057154928,0.0,0.0,7.340495461471974e-09,0,-1.401298464324817e-45,-1.401298464324817e-45,-7.006492321624085e-46,,,,,,0.1
i1e,jax,f32,619,4194304.0,3.933096193676195,0.6142040284816684,0.2875605815831987,0.006462035541195477,6.209172589977108e-08,0,-1.1754943508222875e-38,-0.0,-5.877471754111438e-39,,,,,,0.1
i1e,torch,f64,619,5.44556599014719,3.8067406062173874,0.6829631800919203,0.35864297253634897,0.0,1.1102230246251565e-16,0,-1.3818733056536336e-08,-6.909366432789473e-09,-6.909366432789477e-09,0,0,0,1e-07,1e-07,0.1
i1e,scipy,f64,619,4.571317564884511,3.7168039970854294,0.6511979189115148,0.3182552504038772,0.0,8.326672684688674e-17,0,-4.0615859883769794e-08,-2.0307929117060866e-08,-2.0307929117060883e-08,,,,,,0.09
i1e,jax,f64,619,2251799813685248.0,4.378644411622501,0.7798352979095527,0.39095315024232635,0.006462035541195477,1.1102230246251565e-16,0,-2.2250738585072014e-308,-0.0,-1.1125369292536007e-308,,,,,,0.09
ndtri,torch,f32,718,2.5755280878148024,1.991831706405437,0.3689644612954295,0.09610027855153204,0.0,1.1308313752067534e-06,0,0.8999999761581421,1.2815511226654053,1.2815514296922788,0,0,0,1.3e-06,1e-05,0.57
ndtri,scipy,f32,718,0.49814706698957006,0.491729218341192,0.24224141008004352,0.0,0.0,4.654920129354423e-07,0,2.9619102309697e-11,-6.545647144317627,-6.545647381852659,,,,,,0.56
ndtri,jax,f32,718,2.458091021290647,2.1372194925295003,0.37881580159806283,0.11731843575418995,0.0,1.3317107452337495e-06,2,0.16979865729808807,-0.9549610614776611,-0.9549612079913032,,,,,,1.25
ndtri,torch,f64,740,2.05056998397319,1.6129261845134786,0.4330316012888851,0.10945945945945947,0.0,7.105427357601002e-15,0,0.11073825503355705,-1.2226113873241302,-1.2226113873241298,0,0,0,1e-07,1e-07,0.63
ndtri,scipy,f64,740,2.248136622450158,1.6800786394059384,0.43233631146360413,0.10810810810810811,0.0,7.105427357601002e-15,0,0.8677852348993289,1.1159827226865917,1.1159827226865913,,,,,,0.62
ndtri,jax,f64,740,2.8456322927640345,1.8148706006439324,0.44303168336396487,0.1445945945945946,0.0,7.105427357601002e-15,0,0.8409395973154363,0.9983270284611842,0.9983270284611845,,,,,,1.21
log_ndtr,torch,f32,619,86.22609603468487,27.66622139941068,0.38201344580365215,0.11631663974151858,0.01615508885298869,3.791127278418571e-05,0,11.379508018493652,-2.64488109725976e-30,-2.644864879933555e-30,0,0,0,1.3e-06,1e-05,0.05
log_ndtr,scipy,f32,619,0.49787600081123595,0.49538160560682815,0.2497483452898991,0.0,0.0,1.8089813238475472e-05,0,2.0521151782304514e-06,-0.6931455135345459,-0.6931455432102681,,,,,,0.05
log_ndtr,jax,f32,619,342453.851664897,398.14939535419745,0.3723635262708467,0.12277867528271405,0.03715670436187399,7.912496948847547e-05,0,13.193235397338867,-0.0,-4.798800564401389e-40,,,,,,0.67
log_ndtr,torch,f64,619,822.2360058231756,191.36249229384478,0.41744947335924143,0.1518578352180937,0.046849757673667204,2.2737367544323206e-13,0,29.758041100857888,-6.8238515313823746e-195,-6.823851531383e-195,0,0,0,1e-07,1e-07,0.05
log_ndtr,scipy,f64,619,956.9035053554888,155.03813855238948,0.5923323347521939,0.2310177705977383,0.0420032310177706,2.2737367544323206e-13,0,37.148910241735805,-2.2826469946243275e-302,-2.2826469946245754e-302,,,,,,0.05
log_ndtr,jax,f64,619,7180400691747.213,1457616.9148603086,0.4591359110985318,0.1777059773828756,0.07754442649434572,3.227199840694084e-09,0,7.86237773609544,-1.887379141862768e-15,-1.8845469731679975e-15,,,,,,0.64
logit,torch,f32,718,73.20322899881826,6.546991755592153,0.2776433222931426,0.05013927576601671,0.005571030640668524,3.750459868001599e-06,0,0.4973154366016388,-0.010738424956798553,-0.010738356780978852,0,0,0,1.3e-06,1e-05,0.03
logit,scipy,f32,718,1.2214990412675155,0.8316648998006181,0.25870196207449675,0.001392757660167131,0.0,3.750459868001599e-06,0,0.6798657774925232,0.7531551122665405,0.7531550394595241,,,,,,0.02
logit,jax,f32,718,73.20322899881826,6.5547414942019,0.27775446621358946,0.051675977653631286,0.00558659217877095,3.750459868001599e-06,2,0.4973154366016388,-0.010738424956798553,-0.010738356780978852,,,,,,0.08
logit,torch,f64,740,40.55131479750184,2.0481179155318303,0.2727812226927087,0.03783783783783784,0.002702702702702703,7.105427357601002e-15,0,0.5026845637583893,0.010738358221132912,0.010738358221132841,0,0,0,1e-07,1e-07,0.03
logit,scipy,f64,740,1.1198246638305354,0.7772247989732899,0.2623282065286242,0.002702702702702703,0.0,7.105427357601002e-15,0,0.13221476510067115,-1.8815166500338691,-1.881516650033869,,,,,,0.02
logit,jax,f64,740,40.55131479750184,2.0481179155318303,0.2727812226927087,0.03783783783783784,0.002702702702702703,7.105427357601002e-15,0,0.5026845637583893,0.010738358221132912,0.010738358221132841,,,,,,0.08
sinc,torch,f32,616,3.609549390969308e+37,2.722382090158621e+37,0.5000167808416779,0.36688311688311687,0.30357142857142855,6.452184697636199e-08,0,-100000.0,5.05805601846987e-08,0.0,0,0,0,1.3e-06,1e-05,0.03
sinc,numpy,f32,616,3.609549390969308e+37,2.722382343688741e+37,0.49380809096927286,0.36688311688311687,0.30357142857142855,6.452184697636199e-08,0,-100000.0,5.05805601846987e-08,0.0,,,,,,0.02
sinc,jax,f32,616,3.609549390969308e+37,2.722382090158621e+37,0.31820562579376527,0.36038961038961037,0.30357142857142855,6.040021105491288e-08,0,-100000.0,5.05805601846987e-08,0.0,,,,,,0.07
sinc,torch,f64,616,2.1879707685167666e+307,7.889987626810099e+306,0.5836657579133164,0.3685064935064935,0.30357142857142855,1.2234543890141114e-16,0,-100000.0,-1.0810011908290048e-16,0.0,0,0,0,1e-07,1e-07,0.03
sinc,numpy,f64,616,2.1879707685167666e+307,7.889987626810099e+306,0.5836657579133164,0.3685064935064935,0.30357142857142855,1.2234543890141114e-16,0,-100000.0,-1.0810011908290048e-16,0.0,,,,,,0.02
sinc,jax,f64,616,2.1879707685167666e+307,7.889987626810099e+306,0.42373465550987727,0.362012987012987,0.30357142857142855,1.2234543890141114e-16,0,-100000.0,-1.0810011908290048e-16,0.0,,,,,,0.06
entr,torch,f32,114,1.1350274734298482,1.0759389970640951,0.3162401817450081,0.03508771929824561,0.0,0.04649702273309231,0,1.2212691019128382e-18,5.0373244587837804e-17,5.037324834332869e-17,0,0,0,1.3e-06,1e-05,0.01
entr,scipy,f32,114,0.49999999006589224,0.4998019092507334,0.27104989786207023,0.0,0.0,0.04649702273309231,0,0.9999999403953552,5.9604641222676946e-08,5.960464299903375e-08,,,,,,0.0
entr,jax,f32,114,16225700.917198308,12762511.37834549,0.3720925628297342,0.17543859649122806,0.14035087719298245,0.04649702273309231,0,5.025378591715589e-40,-0.0,4.547409955572753e-38,,,,,,0.32
entr,torch,f64,611,1.2205598033418896,0.9861725494721797,0.30258118625592234,0.009819967266775777,0.0,2.3283064365386963e-10,0,5.74909297575092e-120,1.5784776884583402e-117,1.57847768845834e-117,0,0,0,1e-07,1e-07,0.02
entr,scipy,f64,611,1.2205598033418896,0.9861725494721797,0.30258118625592234,0.009819967266775777,0.0,2.3283064365386963e-10,0,5.74909297575092e-120,1.5784776884583402e-117,1.57847768845834e-117,,,,,,0.02
entr,jax,f64,611,1.2205598033418896,0.9861725494721797,0.30258118625592234,0.009819967266775777,0.0,2.3283064365386963e-10,0,5.74909297575092e-120,1.5784776884583402e-117,1.57847768845834e-117,,,,,,0.34
bessel_j0,torch,f32,619,23908.484114829393,3631.36527537263,0.49451196444637735,0.3715670436187399,0.17447495961227788,2.7833138726220293e-06,0,-4774.5205078125,0.0009836435783654451,0.000980860264492823,0,0,0,1.3e-06,0.0001,0.07
bessel_j0,scipy,f32,619,0.49451196444637735,0.48800496892688305,0.1274030387010572,0.0,0.0,2.9475209939455738e-08,0,-0.0005969249759800732,0.9999999403953552,0.9999999109201453,,,,,,0.06
bessel_j0,torch,f64,619,37850141337.35888,98974344.00141722,0.8824743044366685,0.46849757673667203,0.2827140549273021,3.170823850706661e-07,0,-5.612597255954966,0.03117545001451308,0.03117558133357057,0,4,0,1e-07,1e-05,0.06
bessel_j0,scipy,f64,619,24.750620561318197,12.528460557046902,0.48367045299080813,0.2665589660743134,0.012924071082390954,2.3592239273284576e-16,0,-74.62935686310145,0.0013720894163941546,0.0013720894163941491,,,,,,0.06
bessel_j1,torch,f32,619,21209.48461498985,7644.291229961262,0.9999930201078244,0.3667205169628433,0.19063004846526657,2.4691089772375593e-06,0,-5743.77392578125,-0.001650876016356051,-0.0016484069073788134,0,0,0,1.3e-06,0.0001,0.07
bessel_j1,scipy,f32,619,0.5,0.4930883169391395,0.12557160195639938,0.0,0.0,2.4977001578108116e-08,0,-1.401298464324817e-45,-0.0,-7.006492321624085e-46,,,,,,0.06
bessel_j1,torch,f64,619,5230605243.972822,927851040.2641443,1.0110671007735084,0.5072697899838449,0.2859450726978998,2.9035691873069425e-07,0,-5.1171730071146095,0.33839099533492256,0.33839070497800383,0,2,0,1e-07,1e-05,0.07
bessel_j1,scipy,f64,619,175.5,7.22086721293451,0.7088563556362744,0.3651050080775444,0.009693053311793215,1.1102230246251565e-16,0,2.225073858507201e-308,1.112536929253687e-308,1.1125369292536007e-308,,,,,,0.06
bessel_y0,torch,f32,609,7373.578014471185,3691.7324052908884,0.9648597546523511,0.48440065681444994,0.17733990147783252,2.3452165731586636e-06,0,10000.0,0.0036460887640714645,0.0036478055589866058,0,0,0,1.3e-06,0.0001,0.57
bessel_y0,scipy,f32,609,0.49955560777246616,0.4941746464678135,0.23611722347736216,0.0,0.0,4.7592961394116173e-07,0,7582.27734375,-0.006754625588655472,-0.006754625821279179,,,,,,0.56
bessel_y0,torch,f64,609,2601954222.8070865,381913415.62796843,0.896549600546853,0.4663382594417077,0.28078817733990147,9.326487471206235e-08,0,7.1574435238061005,0.02129938653809584,0.021299395565437987,0,0,0,1e-07,1e-05,0.51
bessel_y0,scipy,f64,609,284.12229601847406,15.439879924135884,0.6166795750632049,0.3185550082101806,0.0180623973727422,3.552713678800501e-15,0,3.929378577720011,0.01143129259320258,0.011431292593202087,,,,,,0.51
bessel_y1,torch,f32,609,37612.57916762933,12358.2348474284,0.7545634582597401,0.39901477832512317,0.18883415435139572,5.203491099178791,0,8315.080078125,0.0006077780271880329,0.0006099673674423031,0,0,0,1.3e-06,0.0001,1.71
bessel_y1,scipy,f32,609,0.49995263052102173,0.4981124519648688,0.2546169171701496,0.0,0.0,1.9989750534296036,0,37.66690444946289,-0.0898708775639534,-0.08987087383901603,,,,,,1.7
bessel_y1,torch,f64,609,3933038818638.1807,520334682.50555897,0.8419811640111244,0.43842364532019706,0.2742200328407225,6.53396474772916e-07,0,5.426972188858921,0.0009216737217710214,0.0009221001426941852,0,4,0,1e-07,1e-05,1.64
bessel_y1,scipy,f64,609,207177.07681323236,16041.104910196707,0.7922864142445011,0.40558292282430214,0.19376026272577998,7.450580596923828e-09,0,3461.242704979875,9.347907270294435e-05,9.347907270575212e-05,,,,,,1.64
modified_bessel_i0,torch,f32,619,2.5782801855977944,2.225690209834931,0.594459192094437,0.2956381260096931,0.0,8.30231797715785e+25,0,-0.015616054646670818,1.000061273574829,1.0000609662198798,0,0,0,1.3e-06,0.001,0.05
modified_bessel_i0,scipy,f32,619,0.4933320607054114,0.481014545689629,0.07313334768359425,0.0,0.0,7.171932513909403e+25,0,-0.1660783737897873,1.006907343864441,1.0069074026742053,,,,,,0.05
modified_bessel_i0,torch,f64,619,3.4616014323090676,2.5640214132385624,0.670594697627618,0.2940226171243942,0.0,2.8823037615171174e+17,0,-8.86630168417831e-06,1.000000000019652,1.0000000000196527,0,0,0,1e-07,1e-05,0.05
modified_bessel_i0,scipy,f64,619,3.4616014323090676,3.29928283104146,0.6681654533338748,0.3295638126009693,0.0,2.8823037615171174e+17,0,-8.86630168417831e-06,1.000000000019652,1.0000000000196527,,,,,,0.05
modified_bessel_i1,torch,f32,619,5.560520305386801,3.9999999866087568,0.9981500611079995,0.40387722132471726,0.0,8.01534731186511e+25,0,-7.5222578048706055,-254.8679962158203,-254.86791136901388,0,0,0,1.3e-06,0.001,0.06
modified_bessel_i1,scipy,f32,619,0.5,0.4925715169403999,0.07048878350167428,0.0,0.0,7.458903179202144e+25,0,-1.401298464324817e-45,-1.401298464324817e-45,-7.006492321624085e-46,,,,,,0.05
modified_bessel_i1,torch,f64,619,7.692515011445035,3.5840245220452442,1.0137524348080496,0.5040387722132472,0.0,2.8823037615171174e+17,0,-7.522257842369878,-254.86792036483678,-254.867920364837,0,0,0,1e-07,1e-05,0.06
modified_bessel_i1,scipy,f64,619,4.753128228268974,4.520077168038971,1.1014150644083807,0.5638126009693053,0.0,2.8823037615171174e+17,0,-6.458130419316621,-93.98853149777777,-93.98853149777784,,,,,,0.05
modified_bessel_k0,torch,f32,609,6.524342629500301,4.721438741030923,0.8283460803357318,0.44499178981937604,0.0,4.140815354602978e-06,0,1.0000001192092896,0.4210245609283447,0.4210243664877823,0,0,0,1.3e-06,0.001,2.69
modified_bessel_k0,scipy,f32,609,0.4997935206179363,0.4954985777525106,0.25194365655603074,0.0,0.0,9.495135344650407e-07,0,3.0192959457053803e-06,12.82641887664795,12.826418400007706,,,,,,2.69
modified_bessel_k0,torch,f64,609,6.5712395301250215,4.505423390273066,0.9528608888736125,0.47783251231527096,0.0,1.2434497875801753e-14,0,2.2682022025779995e-07,15.415039630149622,15.415039630149634,0,0,0,1e-07,1e-05,2.47
modified_bessel_k0,scipy,f64,609,6.5712395301250215,5.272458345115587,1.1299323470516776,0.5385878489326765,0.0,1.4210854715202004e-14,0,2.2682022025779995e-07,15.415039630149622,15.415039630149634,,,,,,2.46
modified_bessel_k1,torch,f32,609,2.67348336628112,1.8162698394173604,0.3628276549676429,0.10837438423645321,0.0,3.717804566025734,0,1.4145662784576416,0.314035028219223,0.31403494854320985,0,0,0,1.3e-06,0.001,6.45
modified_bessel_k1,scipy,f32,609,0.49961851399370694,0.49735867697184594,0.26127559124292377,0.0,0.0,3.717804566025734,0,0.02501247264444828,39.92621612548828,39.92621803138166,,,,,,6.44
modified_bessel_k1,torch,f64,609,3.1449324045110325,2.1883733160544843,0.4167938435339805,0.1412151067323481,0.0,1.4901161193847656e-08,0,1.6472295684338711,0.2252446959916894,0.22524469599168948,0,0,0,1e-07,1e-05,6.31
modified_bessel_k1,scipy,f64,609,4.121645152287849,2.079118690242025,0.450859070534838,0.16584564860426929,0.0,1.4901161193847656e-08,0,1.2147656240015248,0.42468229985273975,0.42468229985273953,,,,,,6.31
scaled_modified_bessel_k0,torch,f32,609,5.098948073361182,4.24894040080758,0.7641423392838147,0.38587848932676516,0.0,4.10330091504818e-06,0,1.096646785736084,1.0997860431671143,1.099785435325137,0,0,0,1.3e-06,1e-05,1.88
scaled_modified_bessel_k0,scipy,f32,609,0.49993802409119265,0.4925335338219464,0.25667027829945643,0.0,0.0,9.425004741103749e-07,0,0.0005860660457983613,7.562440872192383,7.5624411105814096,,,,,,1.87
scaled_modified_bessel_k0,torch,f64,609,6.528645197744813,4.1124402762154615,0.7646112891172763,0.3842364532019704,0.0,1.0658141036401503e-14,0,0.000767022340224364,7.294520279858777,7.294520279858784,0,0,0,1e-07,1e-07,1.86
scaled_modified_bessel_k0,scipy,f64,609,6.664941086947505,5.5245564094062765,0.8425444070143409,0.4236453201970443,0.0,1.0658141036401503e-14,0,0.28560091818661854,1.886337901686381,1.8863379016863795,,,,,,1.85
scaled_modified_bessel_k1,torch,f32,609,2.713990845949103,1.9380417702400161,0.47322688036123156,0.20525451559934318,0.0,4.2290434539318085,0,0.9331466555595398,1.717751383781433,1.7177510602485124,0,0,0,1.3e-06,1e-05,4.66
scaled_modified_bessel_k1,scipy,f32,609,0.49997521553781443,0.49304630049229686,0.25758431164386003,0.0,0.0,3.99724243581295,0,1000000.0,0.0012533145491033792,0.0012533146073081549,,,,,,4.66
scaled_modified_bessel_k1,torch,f64,609,2.5293426437381386,2.0056549720586996,0.5292130294364228,0.19540229885057472,0.0,1.4901161193847656e-08,0,0.8379253746576961,1.8548395121813679,1.8548395121813686,0,0,0,1e-07,1e-07,4.66
scaled_modified_bessel_k1,scipy,f64,609,2.795665879141686,2.170656521613599,0.5228720207389405,0.2019704433497537,0.0,1.4901161193847656e-08,0,0.01835578469284381,55.444842138281025,55.444842138281004,,,,,,4.65
spherical_bessel_j0,torch,f32,616,0.8630736387840757,0.7376191415863137,0.12649150574090737,0.0,0.0,5.1443197701672716e-08,0,-0.818546712398529,0.8920121788978577,0.89201212745466,0,0,0,1.3e-06,1e-05,0.02
spherical_bessel_j0,scipy,f32,616,1.1186754025042636,0.9784562158401067,0.15499575431592308,0.00974025974025974,0.0,6.66782500324814e-08,0,-0.009047357365489006,0.9999862909317017,0.9999863576099517,,,,,,0.02
spherical_bessel_j0,torch,f64,616,0.9668968700220333,0.858081570237552,0.25632538755379647,0.0,0.0,1.1102230246251565e-16,0,-448.9251258218608,0.0007062556989594974,0.0007062556989594975,0,0,0,1e-07,1e-07,0.02
spherical_bessel_j0,scipy,f64,616,1.4053412684918363,1.1031899532171845,0.33981884569643245,0.024350649350649352,0.0,1.1102230246251565e-16,0,-1.221677348996793e-07,0.9999999999999977,0.9999999999999976,,,,,,0.02
airy_ai,torch,f32,619,12370.824159524953,119.33080340308994,0.4022247169590592,0.1583198707592892,0.061389337641357025,2.2736111261884018e-06,0,-2.3388960361480713,-0.0005522726569324732,-0.000552992733670371,0,0,0,1.3e-06,0.001,0.13
airy_ai,scipy,f32,619,0.49891800884231857,0.4945808284752607,0.2504092259024418,0.0,0.0,2.8367954651997707e-08,0,4.988098953617737e-05,0.3550151288509369,0.3550151437198522,,,,,,0.13
airy_ai,torch,f64,619,6087181417201.831,2465510.305051575,0.5213734892570783,0.22617124394184168,0.08562197092084006,1.8614199362998463e-06,0,-2.3388959763083452,-0.000552290799905655,-0.0005529507734373394,0,3,0,1e-07,1e-05,0.13
airy_ai,scipy,f64,619,748.831532457679,95.36603781684491,0.5312336213663469,0.2455573505654281,0.07431340872374798,3.552713678800501e-15,0,-2.3388959763083452,-0.0005529507734372582,-0.0005529507734373394,,,,,,0.12
polygamma_1,torch,f32,616,3432765.6681443476,106186.48951313041,0.7179859925165984,0.3957307060755337,0.14942528735632185,1.014120389513147e+31,7,-60618.98828125,8961.2236328125,7285.068521413893,0,86,86,1.3e-06,1e-05,3.31
polygamma_1,scipy,f32,616,1.2183187282529926e-08,7.625319368015023e-09,1.6421675550529713e-09,0.0,0.0,2.0,7,-9.047356996916278e-08,122167741527914.03,122167741527914.14,,,,,,3.33
polygamma_1,torch,f64,616,4020612.7114080437,3104093.4235322396,2.6474005579846063,0.6732348111658456,0.45648604269293924,9.9792015476736e+291,7,0.9047357242349293,1.9074856066876746,1.9074856057949192,0,0,0,1e-07,1e-07,3.42
polygamma_1,scipy,f64,616,6.052544729631531,3.6999490502779655,0.8415786021490689,0.4400656814449918,0.0,2.0,7,-9.047357242349293e-08,122167734899680.86,122167734899680.95,,,,,,3.43
polygamma_2,torch,f32,616,25.358249156605456,0.8750366901491337,0.24636600117743312,0.003284072249589491,0.0016420361247947454,2.4817024739835904e+16,7,-0.4961947500705719,-0.09271088242530823,-0.0927106934916291,0,0,0,1.3e-06,1e-05,3.54
polygamma_2,scipy,f32,616,3.153093378539342e-08,9.95821728930522e-09,8.865436643824597e-10,0.0,0.0,32.0,7,-13.503140449523926,-0.6169893478814626,-0.6169893478814608,,,,,,3.51
polygamma_2,torch,f64,616,319.34832510990975,3.8789298545356727,0.4903764983769954,0.2594417077175698,0.003284072249589491,16.0,7,-0.4961947603002898,-0.0927126730154856,-0.09271267301548117,0,0,0,1e-07,1e-07,3.7
polygamma_2,scipy,f64,616,319.34832510990975,3.8789298545356727,0.4955685262614408,0.2660098522167488,0.003284072249589491,16.0,7,-0.4961947603002898,-0.0927126730154856,-0.09271267301548117,,,,,,3.68
zeta,torch,f32,539,0.49945636521216424,0.49094396075548047,0.1931188457542721,0.0,0.0,0.4227843265980482,0,1.0000468492507935,21345.63671875,21345.635743249288,0,0,0,1.3e-06,1e-05,0.31
zeta,scipy,f32,539,0.49945636521216424,0.49094396075548047,0.1931188457542721,0.0,0.0,0.4227843265980482,0,1.0000468492507935,21345.63671875,21345.635743249288,,,,,,0.3
zeta,jax,f32,539,2.5427960618291343,1.48364752002624,0.3172859086728604,0.13543599257884972,0.0,0.5772156734019518,0,1.7553186416625977,1.9532772302627563,1.9532775333876684,,,,,,0.4
zeta,torch,f64,570,3.3173379314658846,2.0423872131257377,0.443227638395175,0.1543859649122807,0.0,0.25,0,2.5030090744981273,1.3403243458246576,1.340324345824657,0,0,0,1e-07,1e-07,0.39
zeta,scipy,f64,570,3.3173379314658846,2.0423872131257377,0.443227638395175,0.1543859649122807,0.0,0.25,0,2.5030090744981273,1.3403243458246576,1.340324345824657,,,,,,0.39
zeta,jax,f64,570,2.3174936297588937,1.756838219895595,0.3983402591281856,0.10701754385964912,0.0,1.0,0,1.1561910316624155,6.990885653356678,6.990885653356676,,,,,,0.45
gelu,torch,f32,619,16273404.534379998,9526494.161170602,0.3034018721894149,0.0791599353796446,0.0420032310177706,4.920449292455942e-07,0,-8.46579647064209,-0.0,-1.0768835784857332e-16,84,0,0,1.3e-06,1e-05,0.05
gelu,jax,f32,619,4518074.277740353,65.18823965250753,0.29803747858913643,0.0888529886914378,0.024232633279483037,3.4369205081929977e-07,0,-13.193235397338867,-0.0,-6.331170547103013e-39,,,,,,0.08
gelu,torch,f64,619,8982959308121118.0,7463809468218255.0,0.33132312256538027,0.09369951534733441,0.05977382875605816,8.881784197001252e-16,0,-16.469978610529328,-0.0,-4.965014445343267e-60,3,0,0,1e-07,1e-07,0.04
gelu,jax,f64,619,2251799813685248.0,462.3551092685024,0.3288243148878698,0.0888529886914378,0.050080775444264945,8.881784197001252e-16,0,-2.2250738585072014e-308,-0.0,-1.1125369292536007e-308,,,,,,0.07
gelu_tanh,torch,f32,619,16529592.638426473,9720144.380144564,0.27609497033610425,0.06785137318255251,0.03231017770597738,2.88193148456628e-07,0,-7.301969051361084,-0.0,-5.469183425562251e-17,17,0,0,1.3e-06,1e-05,0.04
gelu_tanh,jax,f32,619,16529592.638426473,10598976.98452049,0.2941230847708104,0.0840064620355412,0.0420032310177706,2.88193148456628e-07,0,-7.301969051361084,-0.0,-5.469183425562251e-17,,,,,,0.1
gelu_tanh,torch,f64,619,8874249620115425.0,5742740746344044.0,0.30579556872355057,0.07754442649434572,0.048465266558966075,4.440892098500626e-16,0,-7.301969120120785,-0.0,-5.469178584751152e-17,9,0,0,1e-07,1e-07,0.04
gelu_tanh,jax,f64,619,4.515177860981402e+17,5742740746344044.0,0.3180194187697658,0.09208400646203554,0.05654281098546042,3.552713678800501e-15,0,-7.301969120120785,-2.8373849847909967e-15,-5.469178584751152e-17,,,,,,0.09
silu,torch,f32,619,4069319.4207242546,1.3813533664759605,0.32304315420696267,0.045234248788368334,0.0032310177705977385,7.081060715563581e-07,0,-92.58810424804688,-0.0,-5.702331055108052e-39,7,0,0,1.3e-06,1e-05,0.02
silu,jax,f32,619,4194304.0,1.7717217513337182,0.36465796186897736,0.08239095315024232,0.009693053311793215,7.273386204431631e-07,0,-1.1754943508222875e-38,-0.0,-5.877471754111438e-39,,,,,,0.05
silu,torch,f64,619,1.711126502200264,1.3795866301383033,0.31523515849754735,0.051696284329563816,0.0,7.105427357601002e-15,0,-0.00022275429519995563,-0.00011136474273102162,-0.0001113647427310216,5,0,0,1e-07,1e-07,0.02
silu,jax,f64,619,2251799813685248.0,1.7900664323455326,0.39236214215619597,0.10662358642972536,0.006462035541195477,7.105427357601002e-15,0,-2.2250738585072014e-308,-0.0,-1.1125369292536007e-308,,,,,,0.06
mish,torch,f32,619,145.26507326669505,1.3107359137590968,0.3277985287777943,0.048465266558966075,0.0032310177705977385,4.052123951936437e-07,0,-100.0,-3.923635700109488e-42,-3.720075976020836e-42,239,0,0,1.3e-06,1e-05,0.04
mish,jax,f32,619,5033164.8,2.8950252207633134,0.5317952003340808,0.22778675282714056,0.009693053311793215,9.067908797177893e-07,0,-1.1754943508222875e-38,-0.0,-7.052966104933725e-39,,,,,,0.09
mish,torch,f64,619,1.5125693488803384,1.214938135713641,0.33518069174259923,0.033925686591276254,0.0,1.7763568394002505e-15,0,1.599607301861488e-07,9.597644629966845e-08,9.597644629966848e-08,246,0,0,1e-07,1e-07,0.04
mish,jax,f64,619,2702159776422297.5,2.9860941082782397,0.5667388504782055,0.24717285945072698,0.006462035541195477,1.4210854715202004e-14,0,-2.2250738585072014e-308,-0.0,-1.335044315104321e-308,,,,,,0.08
softplus,torch,f32,619,0.9120026065834733,0.8345760531777565,0.23773343422726465,0.0,0.0,4.2020820600896513e-07,0,-7.261723041534424,0.0007016513263806701,0.0007016513794662085,30,0,0,1.3e-06,1e-05,0.04
softplus,jax,f32,619,500223.16265403345,1.3140334797374067,0.2734035147733531,0.029079159935379646,0.0032310177705977385,4.2020820600896513e-07,0,-90.15612030029297,0.0,7.009619496468003e-40,,,,,,0.08
softplus,torch,f64,619,113498.23766728715,0.9563549811298252,0.2419904709835357,0.009693053311793215,0.008077544426494346,4.0322589711649925e-10,0,21.63152207805318,21.63152207805318,21.631522078456406,15,0,0,1e-07,1e-07,0.03
softplus,jax,f64,619,7106.220985862995,1.2014491308168176,0.29726553642328735,0.04038772213247173,0.0016155088852988692,4.440892098500626e-16,0,-735.5713460467948,0.0,3.511e-320,,,,,,0.07
logsigmoid,torch,f32,619,0.9988109393734,0.8404804292468426,0.24333403423859454,0.0,0.0,4.2020820600896513e-07,0,-0.00036153304972685874,-0.6933280229568481,-0.6933279634230769,0,0,0,1.3e-06,1e-05,0.03
logsigmoid,jax,f32,619,500223.16265403345,1.3140334797374067,0.2734035147733531,0.029079159935379646,0.0032310177705977385,4.2020820600896513e-07,0,90.15612030029297,-0.0,-7.009619496468003e-40,,,,,,0.07
logsigmoid,torch,f64,619,1.0949794848614403,0.9563549811298252,0.2412356271912133,0.0032310177705977385,0.0,4.440892098500626e-16,0,-0.003794662339836552,-0.6950463116615677,-0.6950463116615678,0,0,0,1e-07,1e-07,0.03
logsigmoid,jax,f64,619,7106.220985862995,1.2014491308168176,0.29771614240216787,0.04038772213247173,0.0016155088852988692,4.440892098500626e-16,0,735.5713460467948,-0.0,-3.511e-320,,,,,,0.06
elu,torch,f32,619,0.6859089464620501,0.4837957074830183,0.0,0.0,0.0,4.08833591425406e-08,0,-17.012542724609375,-1.0,-0.9999999591166409,6,0,0,1.3e-06,1e-05,0.03
elu,jax,f32,619,8388607.0,2.5247316652231446,0.0,0.08562197092084006,0.0032310177705977385,5.3581680925507413e-08,0,1.1754942106924411e-38,0.0,1.1754942106924411e-38,,,,,,0.06
elu,torch,f64,619,0.9902292097118769,0.48329711887709564,0.0,0.0,0.0,1.1102230246251565e-16,0,-36.74661940736688,-1.0,-0.9999999999999999,3,0,0,1e-07,1e-07,0.02
elu,jax,f64,619,4503599627370495.0,1.9531022591791471,0.0,0.07754442649434572,0.0032310177705977385,1.1102230246251565e-16,0,2.225073858507201e-308,0.0,2.225073858507201e-308,,,,,,0.06
selu,torch,f32,619,1.1282971599363953,0.9635258824846729,0.32563076975708705,0.0032310177705977385,0.0,4.746568265545648e-06,0,-0.14361196756362915,-0.23519182205200195,-0.2351918388649398,6,0,0,1.3e-06,1e-05,0.04
selu,jax,f32,619,8813917.657437095,2.752911588958261,0.43163069802359305,0.1050080775444265,0.0032310177705977385,4.746568265545648e-06,0,1.1754942106924411e-38,0.0,1.235092927805199e-38,,,,,,0.07
selu,torch,f64,619,2.3832898995790517,1.7791090119468786,0.5204646127922319,0.20678513731825526,0.0,1.4210854715202004e-14,0,-6.496942604146125e-05,-0.00011421899468728467,-0.0001142189946872847,3,0,0,1e-07,1e-07,0.03
selu,jax,f64,619,4731936575131953.0,2.6870329361501253,0.4093908519705986,0.1938610662358643,0.0032310177705977385,1.4210854715202004e-14,0,2.225073858507201e-308,0.0,2.3378873000723846e-308,,,,,,0.07
